name:es_aa,Cadenas de valor,Financiamiento y Inversión,Gestión de GEI,Marco Propicio,Puntaje
Botsuana,1.22406015038,0.371326234315,0.355252898175,0.601364569023,0.588840655186
Camerún,0.664661654135,0.243298891799,0.884382085007,0.646361891866,0.563890985157
Costa de Marfil,1.13909774436,0.00554706218149,0.418605529886,1.18773651849,0.710414217187
Etiopia,2.62932330827,0.529370416764,0.96616352332,1.17853437666,1.16954790043
Ghana,2.19661654135,0.17321944566,1.76095774495,1.05133338639,1.0661353312
Kenia,3.61560150376,0.798391030079,1.7414240779,1.75060589123,1.74331350277
Liberia,1.02988721805,0.433522496247,0.183486719535,1.4927344027,0.889949846251
Malaui,1.44323308271,0.112779678552,1.59812962254,1.29292581555,1.00720863557
Mozambique,1.33778195489,0.361139006352,0.819278754332,0.843661822837,0.769365537424
Nigeria,3.29511278195,1.12647764628,1.01078363486,1.48448442915,1.57762152807
RD Congo,0.715977443609,0.188008332087,1.07162646938,0.553784541566,0.5460569032
Ruanda,1.85507518797,0.772763813748,0.666666666667,2.012106947,1.41493320112
Senegal,1.85827067669,0.0240649469768,0.690997944299,1.17778420893,0.860723460814
Sierra Leona,0.862781954887,0.49322361701,0.265051784893,1.19415432764,0.794803877128
Sudáfrica,4.27631578947,0.564417994804,2.77021363023,1.70341370469,1.90767029327
Tanzania,2.55770676692,0.476096956865,0.972641806873,1.37326697003,1.22168816114
Uganda,3.8492481203,0.651375030644,1.767450824,1.60895906351,1.68150097624
Zambia,1.99398496241,0.296534225814,1.5068749723,0.94779269908,0.993206337583
Zimbabue,1.03909774436,0.212931719264,0.96743924782,0.846102426166,0.703301035073
