name:es_aa,Cadenas de valor,Financiamiento y Inversión,Gestión de GEI,Marco Propicio,Puntaje
Botsuana,1.09906015038,0.302006355171,0.393240600051,0.765120142902,0.620495076276
Camerún,0.914661654135,0.274760768915,0.884382085007,0.732175858846,0.645155135084
Costa de Marfil,1.24172932331,0.0451427873396,0.418605529886,1.06930104384,0.690313481715
Etiopia,2.62932330827,0.634631083054,0.96616352332,1.29842742941,1.24908332142
Ghana,2.44398496241,0.166646909155,1.77327825021,1.16944952707,1.15036336547
Kenia,3.66560150376,0.962366132984,1.74349798642,1.56583314846,1.7264080228
Liberia,1.02988721805,0.516607816662,0.183486719535,1.43997110477,0.912976877545
Malaui,1.61823308271,0.123146201844,1.01479628921,1.21240799271,0.916861463426
Mozambique,1.56146616541,0.311632836588,0.819278754332,0.837516132854,0.78560804208
Nigeria,3.29511278195,0.382117919799,0.986135733009,1.19032092147,1.23295102177
RD Congo,1.31729323308,0.663980702792,0.904959802709,0.755900032033,0.834892179019
Ruanda,1.85507518797,0.428255065123,0.666666666667,1.74027024419,1.20284589541
Senegal,2.15827067669,0.138837087496,0.440997944299,1.14395014745,0.889121478376
Sierra Leona,0.912781954887,0.575008429223,0.265051784893,1.02732746242,0.7601085747
Sudáfrica,4.34210526316,1.53131065414,2.77953952083,0.991827333118,1.92437084709
Tanzania,3.0787593985,0.344007174611,0.972641806873,1.30988518038,1.23486640534
Uganda,3.92556390977,0.487560046103,1.68411749067,1.31961821995,1.51556751188
Zambia,2.39530075188,0.368834220371,1.34020830564,0.986251884041,1.06547737836
Zimbabue,1.26541353383,0.271581505973,0.96743924782,0.8688427683,0.76393947636
